{"cameraMode":{"drawMode":0,"name":"Shaded","section":"Shading Mode"},"sceneLighting":false,"audioPlay":false,"sceneViewState":{"showFog":true,"showMaterialUpdate":false,"showSkybox":true,"showFlares":true,"showImageEffects":true,"showParticleSystems":true},"in2DMode":false,"pivot":{"x":-0.2768998444080353,"y":1.489009976387024,"z":-3.543151378631592},"rotation":{"x":-0.06871353089809418,"y":0.220230832695961,"z":-0.015555008314549923,"w":-0.972909688949585},"size":0.7982891798019409,"orthographic":false}