{"cameraMode":{"drawMode":0,"name":"Shaded","section":"Shading Mode"},"sceneLighting":false,"audioPlay":false,"sceneViewState":{"showFog":true,"showMaterialUpdate":false,"showSkybox":false,"showFlares":true,"showImageEffects":true,"showParticleSystems":true},"in2DMode":false,"pivot":{"x":0.7235889434814453,"y":2.2973947525024416,"z":-1.0},"rotation":{"x":-0.06714782118797302,"y":-0.09414456784725189,"z":-0.006364430766552687,"w":0.9932717680931091},"size":5.507360935211182,"orthographic":false}