{"cameraMode":{"drawMode":0,"name":"Shaded","section":"Shading Mode"},"sceneLighting":false,"audioPlay":false,"sceneViewState":{"showFog":true,"showMaterialUpdate":false,"showSkybox":true,"showFlares":true,"showImageEffects":true,"showParticleSystems":true},"in2DMode":false,"pivot":{"x":234.24465942382813,"y":158.93325805664063,"z":49.71844482421875},"rotation":{"x":-0.06714782118797302,"y":-0.09414456784725189,"z":-0.006364430766552687,"w":0.9932717680931091},"size":223.2714385986328,"orthographic":false}