{"cameraMode":{"drawMode":0,"name":"Shaded","section":"Shading Mode"},"sceneLighting":false,"audioPlay":false,"sceneViewState":{"showFog":true,"showMaterialUpdate":false,"showSkybox":true,"showFlares":true,"showImageEffects":true,"showParticleSystems":true},"in2DMode":false,"pivot":{"x":271.7742614746094,"y":-77.8005599975586,"z":301.198486328125},"rotation":{"x":-0.08858861774206162,"y":-0.34313666820526125,"z":0.032524190843105319,"w":-0.9345437288284302},"size":231.5533905029297,"orthographic":false}