{"cameraMode":{"drawMode":0,"name":"Shaded","section":"Shading Mode"},"sceneLighting":false,"audioPlay":false,"sceneViewState":{"showFog":true,"showMaterialUpdate":false,"showSkybox":true,"showFlares":true,"showImageEffects":true,"showParticleSystems":true},"in2DMode":false,"pivot":{"x":452.20001220703127,"y":376.2900085449219,"z":0.0},"rotation":{"x":-0.23736825585365296,"y":-0.01864977926015854,"z":-0.004558405838906765,"w":0.9712332487106323},"size":17.176620483398439,"orthographic":false}