{"cameraMode":{"drawMode":0,"name":"Shaded","section":"Shading Mode"},"sceneLighting":false,"audioPlay":false,"sceneViewState":{"showFog":true,"showMaterialUpdate":false,"showSkybox":false,"showFlares":true,"showImageEffects":true,"showParticleSystems":true},"in2DMode":false,"pivot":{"x":-0.7391641736030579,"y":0.4278351664543152,"z":1.6320562362670899},"rotation":{"x":0.013197513297200203,"y":-0.016197768971323968,"z":0.00021690518769901246,"w":0.9997891187667847},"size":2.8176004886627199,"orthographic":false}