{"cameraMode":{"drawMode":0,"name":"Shaded","section":"Shading Mode"},"sceneLighting":false,"audioPlay":false,"sceneViewState":{"showFog":true,"showMaterialUpdate":false,"showSkybox":true,"showFlares":true,"showImageEffects":true,"showParticleSystems":true},"in2DMode":false,"pivot":{"x":97.4893798828125,"y":-14.128823280334473,"z":148.2252197265625},"rotation":{"x":-0.020707791671156884,"y":0.007809879258275032,"z":-0.00016212272748816758,"w":-0.9997625350952148},"size":272.465087890625,"orthographic":false}