{"cameraMode":{"drawMode":0,"name":"Shaded","section":"Shading Mode"},"sceneLighting":false,"audioPlay":false,"sceneViewState":{"showFog":true,"showMaterialUpdate":false,"showSkybox":true,"showFlares":true,"showImageEffects":true,"showParticleSystems":true},"in2DMode":false,"pivot":{"x":0.7089958190917969,"y":-11.099218368530274,"z":-0.16835784912109376},"rotation":{"x":-0.06580845266580582,"y":-0.06580876559019089,"z":-0.004350018221884966,"w":0.9956521391868591},"size":47.786521911621097,"orthographic":false}