{"cameraMode":{"drawMode":0,"name":"Shaded","section":"Shading Mode"},"sceneLighting":false,"audioPlay":false,"sceneViewState":{"showFog":true,"showMaterialUpdate":false,"showSkybox":true,"showFlares":true,"showImageEffects":true,"showParticleSystems":true},"in2DMode":false,"pivot":{"x":0.04199981689453125,"y":-0.02299976348876953,"z":0.0},"rotation":{"x":-0.14190104603767396,"y":-0.041861630976200107,"z":0.006006325129419565,"w":-0.9889790415763855},"size":46.669342041015628,"orthographic":false}