{"cameraMode":{"drawMode":0,"name":"Shaded","section":"Shading Mode"},"sceneLighting":false,"audioPlay":false,"sceneViewState":{"showFog":true,"showMaterialUpdate":false,"showSkybox":true,"showFlares":true,"showImageEffects":true,"showParticleSystems":true},"in2DMode":false,"pivot":{"x":1.35883629322052,"y":0.8783972859382629,"z":0.6162512302398682},"rotation":{"x":0.010204332880675793,"y":0.03208863362669945,"z":-0.0003280066011939198,"w":0.9994346499443054},"size":6.609747409820557,"orthographic":false}